{"created_at":"Sun Mar 18 19:29:02 +0000 2018","id":975454047732936706,"id_str":"975454047732936706","text":"#Technology #InfoSec #Security #IoT #IIoT #ChatBots #BigData #AI #ML #DL #AR #VR #FinTech #Blockchain Daily is out!! https:\/\/t.co\/defCGizFN8","source":"\u003ca href=\"http:\/\/paper.li\" rel=\"nofollow\"\u003ePaper.li\u003c\/a\u003e","truncated":false,"in_reply_to_status_id":null,"in_reply_to_status_id_str":null,"in_reply_to_user_id":null,"in_reply_to_user_id_str":null,"in_reply_to_screen_name":null,"user":{"id":91608548,"id_str":"91608548","name":"Amitav Bhattacharjee","screen_name":"bamitav","location":"Bangalore, INDIA","url":"http:\/\/www.linkedin.com\/in\/amitavbhattacharjee","description":"Co-Founder & SVP @Ta3s_Co | Tweets for #STEM Community & Tech Leaders (#CSuite #CXO #CEO #CIO #CTO) on Global #TechTrends & #Technological Advances!","translator_type":"none","protected":false,"verified":false,"followers_count":21808,"friends_count":17103,"listed_count":5236,"favourites_count":17179,"statuses_count":67574,"created_at":"Sat Nov 21 16:54:25 +0000 2009","utc_offset":19800,"time_zone":"New Delhi","geo_enabled":true,"lang":"en","contributors_enabled":false,"is_translator":false,"profile_background_color":"9266CC","profile_background_image_url":"http:\/\/pbs.twimg.com\/profile_background_images\/514300478763462656\/_To036tp.jpeg","profile_background_image_url_https":"https:\/\/pbs.twimg.com\/profile_background_images\/514300478763462656\/_To036tp.jpeg","profile_background_tile":false,"profile_link_color":"E81C4F","profile_sidebar_border_color":"FFFFFF","profile_sidebar_fill_color":"E6F6F9","profile_text_color":"333333","profile_use_background_image":true,"profile_image_url":"http:\/\/pbs.twimg.com\/profile_images\/869452464755318788\/Mcr3Cvsq_normal.jpg","profile_image_url_https":"https:\/\/pbs.twimg.com\/profile_images\/869452464755318788\/Mcr3Cvsq_normal.jpg","profile_banner_url":"https:\/\/pbs.twimg.com\/profile_banners\/91608548\/1515733387","default_profile":false,"default_profile_image":false,"following":null,"follow_request_sent":null,"notifications":null},"geo":null,"coordinates":null,"place":null,"contributors":null,"is_quote_status":false,"quote_count":0,"reply_count":0,"retweet_count":0,"favorite_count":0,"entities":{"hashtags":[{"text":"Technology","indices":[0,11]},{"text":"InfoSec","indices":[12,20]},{"text":"Security","indices":[21,30]},{"text":"IoT","indices":[31,35]},{"text":"IIoT","indices":[36,41]},{"text":"ChatBots","indices":[42,51]},{"text":"BigData","indices":[52,60]},{"text":"AI","indices":[61,64]},{"text":"ML","indices":[65,68]},{"text":"DL","indices":[69,72]},{"text":"AR","indices":[73,76]},{"text":"VR","indices":[77,80]},{"text":"FinTech","indices":[81,89]},{"text":"Blockchain","indices":[90,101]}],"urls":[{"url":"https:\/\/t.co\/defCGizFN8","expanded_url":"https:\/\/paper.li\/bamitav\/1412144952?edition_id=9c7d1a20-2ae2-11e8-b695-0cc47a0d15fd","display_url":"paper.li\/bamitav\/141214\u2026","indices":[117,140]}],"user_mentions":[],"symbols":[]},"favorited":false,"retweeted":false,"possibly_sensitive":false,"filter_level":"low","lang":"en","timestamp_ms":"1521401342696"}
{"created_at":"Sun Mar 18 19:29:07 +0000 2018","id":975454068348018693,"id_str":"975454068348018693","text":"RT @Ancass_: Ptdr quand j\u2019ai dis \u00e0 des meufs que c\u2019\u00e9tait des connaissances et pas des amis elles \u00e9taient grave piqu\u00e9es mdr mais je sais per\u2026","source":"\u003ca href=\"http:\/\/twitter.com\/download\/iphone\" rel=\"nofollow\"\u003eTwitter for iPhone\u003c\/a\u003e","truncated":false,"in_reply_to_status_id":null,"in_reply_to_status_id_str":null,"in_reply_to_user_id":null,"in_reply_to_user_id_str":null,"in_reply_to_screen_name":null,"user":{"id":4319538795,"id_str":"4319538795","name":"axl\ud83d\udd96\ud83c\udffd","screen_name":"axelleecrst","location":null,"url":null,"description":null,"translator_type":"none","protected":false,"verified":false,"followers_count":127,"friends_count":113,"listed_count":2,"favourites_count":1900,"statuses_count":6521,"created_at":"Sun Nov 29 16:08:33 +0000 2015","utc_offset":null,"time_zone":null,"geo_enabled":false,"lang":"fr","contributors_enabled":false,"is_translator":false,"profile_background_color":"C0DEED","profile_background_image_url":"http:\/\/abs.twimg.com\/images\/themes\/theme1\/bg.png","profile_background_image_url_https":"https:\/\/abs.twimg.com\/images\/themes\/theme1\/bg.png","profile_background_tile":false,"profile_link_color":"1DA1F2","profile_sidebar_border_color":"C0DEED","profile_sidebar_fill_color":"DDEEF6","profile_text_color":"333333","profile_use_background_image":true,"profile_image_url":"http:\/\/pbs.twimg.com\/profile_images\/969189952746610688\/fjG19j0r_normal.jpg","profile_image_url_https":"https:\/\/pbs.twimg.com\/profile_images\/969189952746610688\/fjG19j0r_normal.jpg","profile_banner_url":"https:\/\/pbs.twimg.com\/profile_banners\/4319538795\/1519907867","default_profile":true,"default_profile_image":false,"following":null,"follow_request_sent":null,"notifications":null},"geo":null,"coordinates":null,"place":null,"contributors":null,"retweeted_status":{"created_at":"Sun Mar 18 09:21:12 +0000 2018","id":975301080161705985,"id_str":"975301080161705985","text":"Ptdr quand j\u2019ai dis \u00e0 des meufs que c\u2019\u00e9tait des connaissances et pas des amis elles \u00e9taient grave piqu\u00e9es mdr mais\u2026 https:\/\/t.co\/pRn9TSJX42","source":"\u003ca href=\"http:\/\/twitter.com\/download\/iphone\" rel=\"nofollow\"\u003eTwitter for iPhone\u003c\/a\u003e","truncated":true,"in_reply_to_status_id":null,"in_reply_to_status_id_str":null,"in_reply_to_user_id":null,"in_reply_to_user_id_str":null,"in_reply_to_screen_name":null,"user":{"id":1545110580,"id_str":"1545110580","name":"\u0646\u0633","screen_name":"Ancass_","location":null,"url":"https:\/\/curiouscat.me\/Ancass_","description":"Le pire dans la plus grande affliction, c'est qu'elle est invisible \u00e0 tous sauf \u00e0 celui qu'elle habite \ud83e\udd4014.09.16\ud83d\ude4f\ud83c\udffe","translator_type":"none","protected":false,"verified":false,"followers_count":5557,"friends_count":1344,"listed_count":252,"favourites_count":2405,"statuses_count":188590,"created_at":"Tue Jun 25 08:15:07 +0000 2013","utc_offset":7200,"time_zone":"Athens","geo_enabled":false,"lang":"fr","contributors_enabled":false,"is_translator":false,"profile_background_color":"131516","profile_background_image_url":"http:\/\/pbs.twimg.com\/profile_background_images\/378800000175632934\/9QxkFxL0.jpeg","profile_background_image_url_https":"https:\/\/pbs.twimg.com\/profile_background_images\/378800000175632934\/9QxkFxL0.jpeg","profile_background_tile":false,"profile_link_color":"009999","profile_sidebar_border_color":"000000","profile_sidebar_fill_color":"DDEEF6","profile_text_color":"333333","profile_use_background_image":false,"profile_image_url":"http:\/\/pbs.twimg.com\/profile_images\/972858873081147392\/u0ATkTPB_normal.jpg","profile_image_url_https":"https:\/\/pbs.twimg.com\/profile_images\/972858873081147392\/u0ATkTPB_normal.jpg","profile_banner_url":"https:\/\/pbs.twimg.com\/profile_banners\/1545110580\/1485459869","default_profile":false,"default_profile_image":false,"following":null,"follow_request_sent":null,"notifications":null},"geo":null,"coordinates":null,"place":null,"contributors":null,"is_quote_status":false,"extended_tweet":{"full_text":"Ptdr quand j\u2019ai dis \u00e0 des meufs que c\u2019\u00e9tait des connaissances et pas des amis elles \u00e9taient grave piqu\u00e9es mdr mais je sais pertinemment qu\u2019apr\u00e8s les cours jvais grave pas te cala.  Pourquoi j\u2019vais mentir ?","display_text_range":[0,205],"entities":{"hashtags":[],"urls":[],"user_mentions":[],"symbols":[]}},"quote_count":3,"reply_count":3,"retweet_count":143,"favorite_count":53,"entities":{"hashtags":[],"urls":[{"url":"https:\/\/t.co\/pRn9TSJX42","expanded_url":"https:\/\/twitter.com\/i\/web\/status\/975301080161705985","display_url":"twitter.com\/i\/web\/status\/9\u2026","indices":[116,139]}],"user_mentions":[],"symbols":[]},"favorited":false,"retweeted":false,"filter_level":"low","lang":"fr"},"is_quote_status":false,"quote_count":0,"reply_count":0,"retweet_count":0,"favorite_count":0,"entities":{"hashtags":[],"urls":[],"user_mentions":[{"screen_name":"Ancass_","name":"\u0646\u0633","id":1545110580,"id_str":"1545110580","indices":[3,11]}],"symbols":[]},"favorited":false,"retweeted":false,"filter_level":"low","lang":"fr","timestamp_ms":"1521401347611"}
{"created_at":"Sun Mar 18 19:29:07 +0000 2018","id":975454069186842624,"id_str":"975454069186842624","text":"@g0ydoi @falavi_ amei a fic 10\/10 https:\/\/t.co\/qVCa6cFrhr","display_text_range":[0,33],"source":"\u003ca href=\"http:\/\/twitter.com\/download\/iphone\" rel=\"nofollow\"\u003eTwitter for iPhone\u003c\/a\u003e","truncated":false,"in_reply_to_status_id":null,"in_reply_to_status_id_str":null,"in_reply_to_user_id":214271211,"in_reply_to_user_id_str":"214271211","in_reply_to_screen_name":"g0ydoi","user":{"id":2995081137,"id_str":"2995081137","name":"andr\u00e9","screen_name":"andrxdotti","location":"S\u00e3o Paulo - SP","url":"http:\/\/curiouscat.me\/andrxdotti","description":"alicezinha no pa\u00eds das merdas","translator_type":"none","protected":false,"verified":false,"followers_count":333,"friends_count":291,"listed_count":1,"favourites_count":11429,"statuses_count":3906,"created_at":"Sat Jan 24 02:10:31 +0000 2015","utc_offset":-25200,"time_zone":"Pacific Time (US & Canada)","geo_enabled":true,"lang":"pt","contributors_enabled":false,"is_translator":false,"profile_background_color":"000000","profile_background_image_url":"http:\/\/abs.twimg.com\/images\/themes\/theme1\/bg.png","profile_background_image_url_https":"https:\/\/abs.twimg.com\/images\/themes\/theme1\/bg.png","profile_background_tile":false,"profile_link_color":"F58EA8","profile_sidebar_border_color":"000000","profile_sidebar_fill_color":"000000","profile_text_color":"000000","profile_use_background_image":false,"profile_image_url":"http:\/\/pbs.twimg.com\/profile_images\/973054002870079489\/RJcEg6TU_normal.jpg","profile_image_url_https":"https:\/\/pbs.twimg.com\/profile_images\/973054002870079489\/RJcEg6TU_normal.jpg","profile_banner_url":"https:\/\/pbs.twimg.com\/profile_banners\/2995081137\/1515510655","default_profile":false,"default_profile_image":false,"following":null,"follow_request_sent":null,"notifications":null},"geo":null,"coordinates":null,"place":null,"contributors":null,"quoted_status_id":929474454190686208,"quoted_status_id_str":"929474454190686208","quoted_status":{"created_at":"Sat Nov 11 22:22:33 +0000 2017","id":929474454190686208,"id_str":"929474454190686208","text":"t\u00f4 aqui num barzinho cheirando coca\u00edna com dois travesti e um an\u00e3o, o an\u00e3o n\u00e3o \u00e9 gay mas t\u00f4 tentando comer ele tamb\u2026 https:\/\/t.co\/zhLM3Mkdyx","source":"\u003ca href=\"http:\/\/twitter.com\/download\/iphone\" rel=\"nofollow\"\u003eTwitter for iPhone\u003c\/a\u003e","truncated":true,"in_reply_to_status_id":null,"in_reply_to_status_id_str":null,"in_reply_to_user_id":null,"in_reply_to_user_id_str":null,"in_reply_to_screen_name":null,"user":{"id":29905337,"id_str":"29905337","name":"matheus","screen_name":"b0rj4um_","location":"Arapongas, Brasil","url":null,"description":"Snapchat: b0rj4um \/ @juliaanaamello_, @SaoPauloFC, @realmadrid, @Patriots, @NHLBruins, @Lakers e @SKGaming.","translator_type":"regular","protected":false,"verified":false,"followers_count":1963,"friends_count":305,"listed_count":20,"favourites_count":581,"statuses_count":151583,"created_at":"Thu Apr 09 03:07:54 +0000 2009","utc_offset":-10800,"time_zone":"Santiago","geo_enabled":true,"lang":"pt","contributors_enabled":false,"is_translator":false,"profile_background_color":"000000","profile_background_image_url":"http:\/\/pbs.twimg.com\/profile_background_images\/527602701543038977\/cqnL9G7G.jpeg","profile_background_image_url_https":"https:\/\/pbs.twimg.com\/profile_background_images\/527602701543038977\/cqnL9G7G.jpeg","profile_background_tile":false,"profile_link_color":"000000","profile_sidebar_border_color":"000000","profile_sidebar_fill_color":"C0DFEC","profile_text_color":"333333","profile_use_background_image":true,"profile_image_url":"http:\/\/pbs.twimg.com\/profile_images\/971204174397493248\/Jg0s8VW4_normal.jpg","profile_image_url_https":"https:\/\/pbs.twimg.com\/profile_images\/971204174397493248\/Jg0s8VW4_normal.jpg","profile_banner_url":"https:\/\/pbs.twimg.com\/profile_banners\/29905337\/1501799272","default_profile":false,"default_profile_image":false,"following":null,"follow_request_sent":null,"notifications":null},"geo":null,"coordinates":null,"place":null,"contributors":null,"is_quote_status":false,"extended_tweet":{"full_text":"t\u00f4 aqui num barzinho cheirando coca\u00edna com dois travesti e um an\u00e3o, o an\u00e3o n\u00e3o \u00e9 gay mas t\u00f4 tentando comer ele tamb\u00e9m. ai pegamo um shitzu pi\u00e1, colocamo uma go pro nele, ai vamo tentar comer o an\u00e3o, os dois travesti e o shitzu grava","display_text_range":[0,232],"entities":{"hashtags":[],"urls":[],"user_mentions":[],"symbols":[]}},"quote_count":0,"reply_count":0,"retweet_count":1,"favorite_count":2,"entities":{"hashtags":[],"urls":[{"url":"https:\/\/t.co\/zhLM3Mkdyx","expanded_url":"https:\/\/twitter.com\/i\/web\/status\/929474454190686208","display_url":"twitter.com\/i\/web\/status\/9\u2026","indices":[117,140]}],"user_mentions":[],"symbols":[]},"favorited":false,"retweeted":false,"filter_level":"low","lang":"pt"},"is_quote_status":true,"quote_count":0,"reply_count":0,"retweet_count":0,"favorite_count":0,"entities":{"hashtags":[],"urls":[{"url":"https:\/\/t.co\/qVCa6cFrhr","expanded_url":"https:\/\/twitter.com\/b0rj4um_\/status\/929474454190686208","display_url":"twitter.com\/b0rj4um_\/statu\u2026","indices":[34,57]}],"user_mentions":[{"screen_name":"g0ydoi","name":"godoi","id":214271211,"id_str":"214271211","indices":[0,7]},{"screen_name":"falavi_","name":"vi t\u00e3o","id":82215151,"id_str":"82215151","indices":[8,16]}],"symbols":[]},"favorited":false,"retweeted":false,"possibly_sensitive":false,"filter_level":"low","lang":"pt","timestamp_ms":"1521401347811"}
{"created_at":"Sun Mar 18 19:29:07 +0000 2018","id":975454069354586112,"id_str":"975454069354586112","text":"C'est un FIL, c'est \u00e0 d\u00e9rouler... car \u00e7a peut aider \u00e0 comprendre certaines choses (je n'ai regard\u00e9 qu'un bout du re\u2026 https:\/\/t.co\/N6HU0pJCZI","display_text_range":[0,140],"source":"\u003ca href=\"http:\/\/twitter.com\/download\/android\" rel=\"nofollow\"\u003eTwitter for Android\u003c\/a\u003e","truncated":true,"in_reply_to_status_id":null,"in_reply_to_status_id_str":null,"in_reply_to_user_id":null,"in_reply_to_user_id_str":null,"in_reply_to_screen_name":null,"user":{"id":1176848935,"id_str":"1176848935","name":"Mr JEEK & Dr KWOL","screen_name":"korezian","location":null,"url":null,"description":"( Growling bear seldom bite... ou pas ) #TeamFuckingMonday #TeamBonjour #TeamOurs #TeamPelle & #Team22 (compte personnel)","translator_type":"none","protected":false,"verified":false,"followers_count":636,"friends_count":847,"listed_count":1119,"favourites_count":5690,"statuses_count":51571,"created_at":"Wed Feb 13 21:07:13 +0000 2013","utc_offset":3600,"time_zone":"Paris","geo_enabled":false,"lang":"fr","contributors_enabled":false,"is_translator":false,"profile_background_color":"131516","profile_background_image_url":"http:\/\/pbs.twimg.com\/profile_background_images\/554257405354053632\/sIwpNPiD.jpeg","profile_background_image_url_https":"https:\/\/pbs.twimg.com\/profile_background_images\/554257405354053632\/sIwpNPiD.jpeg","profile_background_tile":false,"profile_link_color":"009999","profile_sidebar_border_color":"181A1E","profile_sidebar_fill_color":"252429","profile_text_color":"666666","profile_use_background_image":false,"profile_image_url":"http:\/\/pbs.twimg.com\/profile_images\/904803940574916609\/g9uFQ2Xu_normal.jpg","profile_image_url_https":"https:\/\/pbs.twimg.com\/profile_images\/904803940574916609\/g9uFQ2Xu_normal.jpg","profile_banner_url":"https:\/\/pbs.twimg.com\/profile_banners\/1176848935\/1504558330","default_profile":false,"default_profile_image":false,"following":null,"follow_request_sent":null,"notifications":null},"geo":null,"coordinates":null,"place":null,"contributors":null,"quoted_status_id":973823774759014400,"quoted_status_id_str":"973823774759014400","quoted_status":{"created_at":"Wed Mar 14 07:30:55 +0000 2018","id":973823774759014400,"id_str":"973823774759014400","text":"bonjour \u00e0 tous. Alors, le petit #thread du jour concerne l'affaire #Tarnac ; j'ai bien vu, hier, que j'\u00e9tais en ret\u2026 https:\/\/t.co\/oKvrTl4Jhy","source":"\u003ca href=\"http:\/\/twitter.com\" rel=\"nofollow\"\u003eTwitter Web Client\u003c\/a\u003e","truncated":true,"in_reply_to_status_id":null,"in_reply_to_status_id_str":null,"in_reply_to_user_id":null,"in_reply_to_user_id_str":null,"in_reply_to_screen_name":null,"user":{"id":287102687,"id_str":"287102687","name":"Chris_PJ \ud83d\udc6e\u200d\u2642\ufe0f\ud83d\ude94\ud83d\udc8e","screen_name":"PJ_un_jour","location":"dans #lenouveaubureau #delaportedeClichy","url":"http:\/\/15cpp.fr\/","description":"En recherche de LA v\u00e9rit\u00e9.   Pjiste par passion, pour le meilleur comme pour le pire  Curieux de tout, certain de pas grand chose https:\/\/t.co\/VCcVbxX91h","translator_type":"none","protected":false,"verified":false,"followers_count":10021,"friends_count":507,"listed_count":192,"favourites_count":15084,"statuses_count":74658,"created_at":"Sun Apr 24 09:46:34 +0000 2011","utc_offset":3600,"time_zone":"Paris","geo_enabled":true,"lang":"fr","contributors_enabled":false,"is_translator":false,"profile_background_color":"709397","profile_background_image_url":"http:\/\/abs.twimg.com\/images\/themes\/theme6\/bg.gif","profile_background_image_url_https":"https:\/\/abs.twimg.com\/images\/themes\/theme6\/bg.gif","profile_background_tile":false,"profile_link_color":"FF3300","profile_sidebar_border_color":"86A4A6","profile_sidebar_fill_color":"A0C5C7","profile_text_color":"333333","profile_use_background_image":true,"profile_image_url":"http:\/\/pbs.twimg.com\/profile_images\/857923078449397761\/KmEDfd2D_normal.jpg","profile_image_url_https":"https:\/\/pbs.twimg.com\/profile_images\/857923078449397761\/KmEDfd2D_normal.jpg","profile_banner_url":"https:\/\/pbs.twimg.com\/profile_banners\/287102687\/1520669072","default_profile":false,"default_profile_image":false,"following":null,"follow_request_sent":null,"notifications":null},"geo":null,"coordinates":null,"place":null,"contributors":null,"is_quote_status":false,"extended_tweet":{"full_text":"bonjour \u00e0 tous. Alors, le petit #thread du jour concerne l'affaire #Tarnac ; j'ai bien vu, hier, que j'\u00e9tais en retard sur le sujet... Me suis donc fad\u00e9 le reportage @EnvoyeSpecial sur le sujet. 1\/","display_text_range":[0,197],"entities":{"hashtags":[{"text":"thread","indices":[32,39]},{"text":"Tarnac","indices":[67,74]}],"urls":[],"user_mentions":[{"screen_name":"EnvoyeSpecial","name":"Envoy\u00e9 sp\u00e9cial","id":108561712,"id_str":"108561712","indices":[166,180]}],"symbols":[]}},"quote_count":4,"reply_count":3,"retweet_count":28,"favorite_count":41,"entities":{"hashtags":[{"text":"thread","indices":[32,39]},{"text":"Tarnac","indices":[67,74]}],"urls":[{"url":"https:\/\/t.co\/oKvrTl4Jhy","expanded_url":"https:\/\/twitter.com\/i\/web\/status\/973823774759014400","display_url":"twitter.com\/i\/web\/status\/9\u2026","indices":[117,140]}],"user_mentions":[],"symbols":[]},"favorited":false,"retweeted":false,"filter_level":"low","lang":"fr"},"is_quote_status":true,"extended_tweet":{"full_text":"C'est un FIL, c'est \u00e0 d\u00e9rouler... car \u00e7a peut aider \u00e0 comprendre certaines choses (je n'ai regard\u00e9 qu'un bout du reportage en question, je n'avais pas besoin de plus que \u00e7a).\nVoil\u00e0. \ud83d\ude09 https:\/\/t.co\/NVPLUrB6Fg","display_text_range":[0,183],"entities":{"hashtags":[],"urls":[{"url":"https:\/\/t.co\/NVPLUrB6Fg","expanded_url":"https:\/\/twitter.com\/PJ_un_jour\/status\/973823774759014400","display_url":"twitter.com\/PJ_un_jour\/sta\u2026","indices":[184,207]}],"user_mentions":[],"symbols":[]}},"quote_count":0,"reply_count":0,"retweet_count":0,"favorite_count":0,"entities":{"hashtags":[],"urls":[{"url":"https:\/\/t.co\/N6HU0pJCZI","expanded_url":"https:\/\/twitter.com\/i\/web\/status\/975454069354586112","display_url":"twitter.com\/i\/web\/status\/9\u2026","indices":[117,140]}],"user_mentions":[],"symbols":[]},"favorited":false,"retweeted":false,"possibly_sensitive":false,"filter_level":"low","lang":"fr","timestamp_ms":"1521401347851"}
{"created_at":"Sun Mar 18 19:29:06 +0000 2018","id":975454065449734147,"id_str":"975454065449734147","text":"Artificial Intelligence In Telecom Intelligent Operations Is The New Norm. [https:\/\/t.co\/qFJ1f5ZNXY] https:\/\/t.co\/nJ6qi9pHe0","display_text_range":[0,100],"source":"\u003ca href=\"http:\/\/semanticearth.com\/\" rel=\"nofollow\"\u003eInfomation Service Provider41\u003c\/a\u003e","truncated":false,"in_reply_to_status_id":null,"in_reply_to_status_id_str":null,"in_reply_to_user_id":null,"in_reply_to_user_id_str":null,"in_reply_to_screen_name":null,"user":{"id":905998695220428800,"id_str":"905998695220428800","name":"Apple World","screen_name":"apple_industry","location":"Global","url":null,"description":"Welcome to Apple World, here you'll find useful tips and news about products provided by Apple Corporation. Tweets are powered by @SemanticEarth","translator_type":"none","protected":false,"verified":false,"followers_count":495,"friends_count":79,"listed_count":8,"favourites_count":15,"statuses_count":54087,"created_at":"Fri Sep 08 03:38:16 +0000 2017","utc_offset":-14400,"time_zone":"Caracas","geo_enabled":false,"lang":"en","contributors_enabled":false,"is_translator":false,"profile_background_color":"F5F8FA","profile_background_image_url":"","profile_background_image_url_https":"","profile_background_tile":false,"profile_link_color":"1DA1F2","profile_sidebar_border_color":"C0DEED","profile_sidebar_fill_color":"DDEEF6","profile_text_color":"333333","profile_use_background_image":true,"profile_image_url":"http:\/\/pbs.twimg.com\/profile_images\/906202212367564800\/1D_pkYOy_normal.jpg","profile_image_url_https":"https:\/\/pbs.twimg.com\/profile_images\/906202212367564800\/1D_pkYOy_normal.jpg","profile_banner_url":"https:\/\/pbs.twimg.com\/profile_banners\/905998695220428800\/1504890462","default_profile":true,"default_profile_image":false,"following":null,"follow_request_sent":null,"notifications":null},"geo":null,"coordinates":null,"place":null,"contributors":null,"is_quote_status":false,"quote_count":0,"reply_count":0,"retweet_count":0,"favorite_count":0,"entities":{"hashtags":[],"urls":[{"url":"https:\/\/t.co\/qFJ1f5ZNXY","expanded_url":"http:\/\/bigdata-madesimple.com\/artificial-intelligence-in-telecom-intelligent-operations-is-the-new-norm\/","display_url":"bigdata-madesimple.com\/artificial-int\u2026","indices":[76,99]}],"user_mentions":[],"symbols":[],"media":[{"id":975454062010347521,"id_str":"975454062010347521","indices":[101,124],"media_url":"http:\/\/pbs.twimg.com\/media\/DYmCTRzWsAEvxlX.jpg","media_url_https":"https:\/\/pbs.twimg.com\/media\/DYmCTRzWsAEvxlX.jpg","url":"https:\/\/t.co\/nJ6qi9pHe0","display_url":"pic.twitter.com\/nJ6qi9pHe0","expanded_url":"https:\/\/twitter.com\/apple_industry\/status\/975454065449734147\/photo\/1","type":"photo","sizes":{"large":{"w":1100,"h":628,"resize":"fit"},"thumb":{"w":150,"h":150,"resize":"crop"},"medium":{"w":1100,"h":628,"resize":"fit"},"small":{"w":680,"h":388,"resize":"fit"}}}]},"extended_entities":{"media":[{"id":975454062010347521,"id_str":"975454062010347521","indices":[101,124],"media_url":"http:\/\/pbs.twimg.com\/media\/DYmCTRzWsAEvxlX.jpg","media_url_https":"https:\/\/pbs.twimg.com\/media\/DYmCTRzWsAEvxlX.jpg","url":"https:\/\/t.co\/nJ6qi9pHe0","display_url":"pic.twitter.com\/nJ6qi9pHe0","expanded_url":"https:\/\/twitter.com\/apple_industry\/status\/975454065449734147\/photo\/1","type":"photo","sizes":{"large":{"w":1100,"h":628,"resize":"fit"},"thumb":{"w":150,"h":150,"resize":"crop"},"medium":{"w":1100,"h":628,"resize":"fit"},"small":{"w":680,"h":388,"resize":"fit"}}}]},"favorited":false,"retweeted":false,"possibly_sensitive":false,"filter_level":"low","lang":"en","timestamp_ms":"1521401346920"}
{"created_at":"Sun Mar 18 19:29:08 +0000 2018","id":975454070893760513,"id_str":"975454070893760513","text":"TradingHardEssentials Investments 9th Zvi Bodie: https:\/\/t.co\/9AgDRW7Amw Quantum AI Big\/Small\/0 Data Cloud\/Fog Comp\u2026 https:\/\/t.co\/xLA4CLT53z","source":"\u003ca href=\"Http:\/\/www.hwswworld.com\" rel=\"nofollow\"\u003eDoesnothaveanameyet\u003c\/a\u003e","truncated":true,"in_reply_to_status_id":null,"in_reply_to_status_id_str":null,"in_reply_to_user_id":null,"in_reply_to_user_id_str":null,"in_reply_to_screen_name":null,"user":{"id":2319610428,"id_str":"2319610428","name":"AIBigDataCloudIoTBot","screen_name":"ClouDatAI","location":"San Francisco, CA","url":"https:\/\/www.hwswworld.com\/index.php?route=product\/category&path=139","description":"Global Weekly PB-Scale 40-Node 2TB AI Deep Learning Big Data Cloud Boot Camp - We Fly to Your City in Serving You Once You Make an Order - train@hwswworld.com","translator_type":"none","protected":false,"verified":false,"followers_count":1849,"friends_count":0,"listed_count":622,"favourites_count":0,"statuses_count":3248645,"created_at":"Thu Jan 30 21:58:33 +0000 2014","utc_offset":-25200,"time_zone":"Arizona","geo_enabled":false,"lang":"en","contributors_enabled":false,"is_translator":false,"profile_background_color":"000000","profile_background_image_url":"http:\/\/abs.twimg.com\/images\/themes\/theme1\/bg.png","profile_background_image_url_https":"https:\/\/abs.twimg.com\/images\/themes\/theme1\/bg.png","profile_background_tile":false,"profile_link_color":"9266CC","profile_sidebar_border_color":"000000","profile_sidebar_fill_color":"000000","profile_text_color":"000000","profile_use_background_image":false,"profile_image_url":"http:\/\/pbs.twimg.com\/profile_images\/853471626792378368\/rVamVryI_normal.jpg","profile_image_url_https":"https:\/\/pbs.twimg.com\/profile_images\/853471626792378368\/rVamVryI_normal.jpg","profile_banner_url":"https:\/\/pbs.twimg.com\/profile_banners\/2319610428\/1494029092","default_profile":false,"default_profile_image":false,"following":null,"follow_request_sent":null,"notifications":null},"geo":null,"coordinates":null,"place":null,"contributors":null,"is_quote_status":false,"extended_tweet":{"full_text":"TradingHardEssentials Investments 9th Zvi Bodie: https:\/\/t.co\/9AgDRW7Amw Quantum AI Big\/Small\/0 Data Cloud\/Fog Computing OutLook from ClouData &amp; Multiverse -  https:\/\/t.co\/cnCBNJdSIj","display_text_range":[0,186],"entities":{"hashtags":[],"urls":[{"url":"https:\/\/t.co\/9AgDRW7Amw","expanded_url":"http:\/\/www.amazon.com\/gp\/product\/0078034698\/ref=as_li_tf_tl?ie=UTF8&camp=1789&creative=9325&creativeASIN=0078034698&linkCode=as2&tag=hardwaresoftw-20","display_url":"amazon.com\/gp\/product\/007\u2026","indices":[49,72]},{"url":"https:\/\/t.co\/cnCBNJdSIj","expanded_url":"http:\/\/hwswworld.com\/index.php?route=product\/category&path=13","display_url":"hwswworld.com\/index.php?rout\u2026","indices":[163,186]}],"user_mentions":[],"symbols":[]}},"quote_count":0,"reply_count":0,"retweet_count":0,"favorite_count":0,"entities":{"hashtags":[],"urls":[{"url":"https:\/\/t.co\/9AgDRW7Amw","expanded_url":"http:\/\/www.amazon.com\/gp\/product\/0078034698\/ref=as_li_tf_tl?ie=UTF8&camp=1789&creative=9325&creativeASIN=0078034698&linkCode=as2&tag=hardwaresoftw-20","display_url":"amazon.com\/gp\/product\/007\u2026","indices":[49,72]},{"url":"https:\/\/t.co\/xLA4CLT53z","expanded_url":"https:\/\/twitter.com\/i\/web\/status\/975454070893760513","display_url":"twitter.com\/i\/web\/status\/9\u2026","indices":[117,140]}],"user_mentions":[],"symbols":[]},"favorited":false,"retweeted":false,"possibly_sensitive":false,"filter_level":"low","lang":"en","timestamp_ms":"1521401348218"}
{"created_at":"Sun Mar 18 19:29:07 +0000 2018","id":975454069702758400,"id_str":"975454069702758400","text":"J\u2019ai mis en al\u00e9atoire et je tombe sur \u00e7a ! Tu me manque tellement \ud83d\ude2d @TalOfficial j\u2019esp\u00e8re que tu viendra vite dans\u2026 https:\/\/t.co\/DDfMPM4J6V","display_text_range":[0,140],"source":"\u003ca href=\"http:\/\/twitter.com\/download\/iphone\" rel=\"nofollow\"\u003eTwitter for iPhone\u003c\/a\u003e","truncated":true,"in_reply_to_status_id":null,"in_reply_to_status_id_str":null,"in_reply_to_user_id":null,"in_reply_to_user_id_str":null,"in_reply_to_screen_name":null,"user":{"id":3069113951,"id_str":"3069113951","name":"A u d r e y","screen_name":"_AudreyCosta_","location":"Saint Paul de vence \ud83c\uddeb\ud83c\uddf7","url":"https:\/\/curiouscat.me\/Audrey06","description":null,"translator_type":"none","protected":false,"verified":false,"followers_count":2060,"friends_count":34,"listed_count":60,"favourites_count":30437,"statuses_count":55553,"created_at":"Wed Mar 04 02:40:22 +0000 2015","utc_offset":null,"time_zone":null,"geo_enabled":true,"lang":"fr","contributors_enabled":false,"is_translator":false,"profile_background_color":"C0DEED","profile_background_image_url":"http:\/\/abs.twimg.com\/images\/themes\/theme1\/bg.png","profile_background_image_url_https":"https:\/\/abs.twimg.com\/images\/themes\/theme1\/bg.png","profile_background_tile":false,"profile_link_color":"1DA1F2","profile_sidebar_border_color":"C0DEED","profile_sidebar_fill_color":"DDEEF6","profile_text_color":"333333","profile_use_background_image":true,"profile_image_url":"http:\/\/pbs.twimg.com\/profile_images\/973599696395620352\/CohD3i_s_normal.jpg","profile_image_url_https":"https:\/\/pbs.twimg.com\/profile_images\/973599696395620352\/CohD3i_s_normal.jpg","profile_banner_url":"https:\/\/pbs.twimg.com\/profile_banners\/3069113951\/1520683359","default_profile":true,"default_profile_image":false,"following":null,"follow_request_sent":null,"notifications":null},"geo":null,"coordinates":null,"place":{"id":"1b8273e4e6b0c23d","url":"https:\/\/api.twitter.com\/1.1\/geo\/id\/1b8273e4e6b0c23d.json","place_type":"city","name":"Saint-Paul-de-Vence","full_name":"Saint-Paul-de-Vence, France","country_code":"FR","country":"France","bounding_box":{"type":"Polygon","coordinates":[[[7.095508,43.673026],[7.095508,43.712260],[7.143642,43.712260],[7.143642,43.673026]]]},"attributes":{}},"contributors":null,"is_quote_status":false,"extended_tweet":{"full_text":"J\u2019ai mis en al\u00e9atoire et je tombe sur \u00e7a ! Tu me manque tellement \ud83d\ude2d @TalOfficial j\u2019esp\u00e8re que tu viendra vite dans le sud ( Nice\/Cannes ) \ud83d\udc9b https:\/\/t.co\/3ZvCtim5Zd","display_text_range":[0,139],"entities":{"hashtags":[],"urls":[],"user_mentions":[{"screen_name":"TalOfficial","name":"T A L \u262e\ufe0e","id":222443180,"id_str":"222443180","indices":[68,80]}],"symbols":[],"media":[{"id":975454048269848583,"id_str":"975454048269848583","indices":[140,163],"media_url":"http:\/\/pbs.twimg.com\/media\/DYmCSenXUAcsHzV.jpg","media_url_https":"https:\/\/pbs.twimg.com\/media\/DYmCSenXUAcsHzV.jpg","url":"https:\/\/t.co\/3ZvCtim5Zd","display_url":"pic.twitter.com\/3ZvCtim5Zd","expanded_url":"https:\/\/twitter.com\/_AudreyCosta_\/status\/975454069702758400\/photo\/1","type":"photo","sizes":{"thumb":{"w":150,"h":150,"resize":"crop"},"large":{"w":606,"h":1024,"resize":"fit"},"small":{"w":402,"h":680,"resize":"fit"},"medium":{"w":606,"h":1024,"resize":"fit"}}}]},"extended_entities":{"media":[{"id":975454048269848583,"id_str":"975454048269848583","indices":[140,163],"media_url":"http:\/\/pbs.twimg.com\/media\/DYmCSenXUAcsHzV.jpg","media_url_https":"https:\/\/pbs.twimg.com\/media\/DYmCSenXUAcsHzV.jpg","url":"https:\/\/t.co\/3ZvCtim5Zd","display_url":"pic.twitter.com\/3ZvCtim5Zd","expanded_url":"https:\/\/twitter.com\/_AudreyCosta_\/status\/975454069702758400\/photo\/1","type":"photo","sizes":{"thumb":{"w":150,"h":150,"resize":"crop"},"large":{"w":606,"h":1024,"resize":"fit"},"small":{"w":402,"h":680,"resize":"fit"},"medium":{"w":606,"h":1024,"resize":"fit"}}}]}},"quote_count":0,"reply_count":0,"retweet_count":0,"favorite_count":0,"entities":{"hashtags":[],"urls":[{"url":"https:\/\/t.co\/DDfMPM4J6V","expanded_url":"https:\/\/twitter.com\/i\/web\/status\/975454069702758400","display_url":"twitter.com\/i\/web\/status\/9\u2026","indices":[116,139]}],"user_mentions":[{"screen_name":"TalOfficial","name":"T A L \u262e\ufe0e","id":222443180,"id_str":"222443180","indices":[68,80]}],"symbols":[]},"favorited":false,"retweeted":false,"possibly_sensitive":false,"filter_level":"low","lang":"fr","timestamp_ms":"1521401347934"}
{"created_at":"Sun Mar 18 19:29:08 +0000 2018","id":975454071447461888,"id_str":"975454071447461888","text":"Paneh eh lak ai","source":"\u003ca href=\"http:\/\/twitter.com\/download\/android\" rel=\"nofollow\"\u003eTwitter for Android\u003c\/a\u003e","truncated":false,"in_reply_to_status_id":null,"in_reply_to_status_id_str":null,"in_reply_to_user_id":null,"in_reply_to_user_id_str":null,"in_reply_to_screen_name":null,"user":{"id":855427870016946177,"id_str":"855427870016946177","name":"tsya","screen_name":"ntsyae","location":"Seremban, Negeri Sembilan","url":null,"description":"duncare","translator_type":"none","protected":false,"verified":false,"followers_count":200,"friends_count":125,"listed_count":0,"favourites_count":12248,"statuses_count":2155,"created_at":"Fri Apr 21 14:27:52 +0000 2017","utc_offset":null,"time_zone":null,"geo_enabled":false,"lang":"en","contributors_enabled":false,"is_translator":false,"profile_background_color":"F5F8FA","profile_background_image_url":"","profile_background_image_url_https":"","profile_background_tile":false,"profile_link_color":"1DA1F2","profile_sidebar_border_color":"C0DEED","profile_sidebar_fill_color":"DDEEF6","profile_text_color":"333333","profile_use_background_image":true,"profile_image_url":"http:\/\/pbs.twimg.com\/profile_images\/972988429322498048\/Cdz4yMc1_normal.jpg","profile_image_url_https":"https:\/\/pbs.twimg.com\/profile_images\/972988429322498048\/Cdz4yMc1_normal.jpg","profile_banner_url":"https:\/\/pbs.twimg.com\/profile_banners\/855427870016946177\/1517725505","default_profile":true,"default_profile_image":false,"following":null,"follow_request_sent":null,"notifications":null},"geo":null,"coordinates":null,"place":null,"contributors":null,"is_quote_status":false,"quote_count":0,"reply_count":0,"retweet_count":0,"favorite_count":0,"entities":{"hashtags":[],"urls":[],"user_mentions":[],"symbols":[]},"favorited":false,"retweeted":false,"filter_level":"low","lang":"in","timestamp_ms":"1521401348350"}
{"created_at":"Sun Mar 18 19:29:08 +0000 2018","id":975454071665684480,"id_str":"975454071665684480","text":"@_heytammy Sim po, o nome disso ai \u00e9 falsidade, mas bem que fez de se afastar, j\u00e1 \u00e9 o suficiente","display_text_range":[11,96],"source":"\u003ca href=\"https:\/\/about.twitter.com\/products\/tweetdeck\" rel=\"nofollow\"\u003eTweetDeck\u003c\/a\u003e","truncated":false,"in_reply_to_status_id":975453492172161029,"in_reply_to_status_id_str":"975453492172161029","in_reply_to_user_id":129298422,"in_reply_to_user_id_str":"129298422","in_reply_to_screen_name":"_heytammy","user":{"id":2750522385,"id_str":"2750522385","name":"isadaora \ud83d\ude0e","screen_name":"aquelaisaali","location":"@caputile \ud83d\udda4 @JadiRibas","url":"http:\/\/twitch.tv\/aquelaisaali","description":"\u26e7You just keep on trying till you run out of cake\u26e7","translator_type":"regular","protected":false,"verified":false,"followers_count":11690,"friends_count":700,"listed_count":23,"favourites_count":46921,"statuses_count":58008,"created_at":"Sat Aug 23 21:12:02 +0000 2014","utc_offset":-10800,"time_zone":"Buenos Aires","geo_enabled":true,"lang":"pt","contributors_enabled":false,"is_translator":false,"profile_background_color":"89C9FA","profile_background_image_url":"http:\/\/pbs.twimg.com\/profile_background_images\/523647681755746304\/H1zWDPJp.jpeg","profile_background_image_url_https":"https:\/\/pbs.twimg.com\/profile_background_images\/523647681755746304\/H1zWDPJp.jpeg","profile_background_tile":true,"profile_link_color":"C40000","profile_sidebar_border_color":"FFFFFF","profile_sidebar_fill_color":"DDEEF6","profile_text_color":"333333","profile_use_background_image":true,"profile_image_url":"http:\/\/pbs.twimg.com\/profile_images\/959841056220205064\/7E5xgvr1_normal.jpg","profile_image_url_https":"https:\/\/pbs.twimg.com\/profile_images\/959841056220205064\/7E5xgvr1_normal.jpg","profile_banner_url":"https:\/\/pbs.twimg.com\/profile_banners\/2750522385\/1518121004","default_profile":false,"default_profile_image":false,"following":null,"follow_request_sent":null,"notifications":null},"geo":null,"coordinates":null,"place":null,"contributors":null,"is_quote_status":false,"quote_count":0,"reply_count":0,"retweet_count":0,"favorite_count":0,"entities":{"hashtags":[],"urls":[],"user_mentions":[{"screen_name":"_heytammy","name":"Tammy","id":129298422,"id_str":"129298422","indices":[0,10]}],"symbols":[]},"favorited":false,"retweeted":false,"filter_level":"low","lang":"pt","timestamp_ms":"1521401348402"}
{"created_at":"Sun Mar 18 19:29:08 +0000 2018","id":975454071506300928,"id_str":"975454071506300928","text":"@aholaclari @hihihikillme Fala pro sogr\u00e3o liberar ai","display_text_range":[26,52],"source":"\u003ca href=\"http:\/\/twitter.com\/download\/android\" rel=\"nofollow\"\u003eTwitter for Android\u003c\/a\u003e","truncated":false,"in_reply_to_status_id":975449514143371266,"in_reply_to_status_id_str":"975449514143371266","in_reply_to_user_id":3472081043,"in_reply_to_user_id_str":"3472081043","in_reply_to_screen_name":"aholaclari","user":{"id":846842774372700160,"id_str":"846842774372700160","name":"predo","screen_name":"HetakePedro","location":"Tr\u00eas Lagoas, Brasil","url":null,"description":"esse \u00e9 meu jeito ninja de ser","translator_type":"none","protected":false,"verified":false,"followers_count":123,"friends_count":185,"listed_count":0,"favourites_count":8486,"statuses_count":2867,"created_at":"Tue Mar 28 21:53:45 +0000 2017","utc_offset":null,"time_zone":null,"geo_enabled":false,"lang":"pt","contributors_enabled":false,"is_translator":false,"profile_background_color":"F5F8FA","profile_background_image_url":"","profile_background_image_url_https":"","profile_background_tile":false,"profile_link_color":"1DA1F2","profile_sidebar_border_color":"C0DEED","profile_sidebar_fill_color":"DDEEF6","profile_text_color":"333333","profile_use_background_image":true,"profile_image_url":"http:\/\/pbs.twimg.com\/profile_images\/975407666200801281\/z-b42_Qy_normal.jpg","profile_image_url_https":"https:\/\/pbs.twimg.com\/profile_images\/975407666200801281\/z-b42_Qy_normal.jpg","profile_banner_url":"https:\/\/pbs.twimg.com\/profile_banners\/846842774372700160\/1519939145","default_profile":true,"default_profile_image":false,"following":null,"follow_request_sent":null,"notifications":null},"geo":null,"coordinates":null,"place":null,"contributors":null,"is_quote_status":false,"quote_count":0,"reply_count":0,"retweet_count":0,"favorite_count":0,"entities":{"hashtags":[],"urls":[],"user_mentions":[{"screen_name":"aholaclari","name":"clara","id":3472081043,"id_str":"3472081043","indices":[0,11]},{"screen_name":"hihihikillme","name":"S e n s i t i v e \u4e0d\u540c","id":924489169849716736,"id_str":"924489169849716736","indices":[12,25]}],"symbols":[]},"favorited":false,"retweeted":false,"filter_level":"low","lang":"pt","timestamp_ms":"1521401348364"}
